{
    "r2_scores": [0.88326938, 0.85980686, 0.92779278, 0.93270747, 0.84356108],
    "r2_mean": 0.8894,
    "coefficients": [34.50182212, -0.22181797,  0.09575125, 81.4686327 ],
    "intercept": -0.4957926538024706
}