{
  "1": 1.90315613,
  "2": 30.47227318,
  "3": 20.90844094,
  "4": -105.65813632,
  "5": -14.71153454,
  "6": 50.53462767,
  "7": 27.05523011,
  "8": -32.41109455,
  "9": 113.14950198,
  "10": 38.32964301
}