{
  "r2":[0.88326938, 0.85980686, 0.92779278, 0.93270747, 0.84356108],
  "MAE":[-21.88279233, -24.32927045, -22.18969301, -17.73351381, -29.18933162],
  "MSE":[ -802.20450737,  -924.94899417,  -815.27737575,  -570.76737086, -1280.60184313]
}